Jurusan,Bidang,Deskripsi,Minat,Keywords,combined_text
Ekonomi Pertanian Dan Agribisnis,Ekonomi dan Bisnis,"Jurusan ini mempelajari mempelajari bisnis, berbasis bidang pertanian, mengolah hasil pertanian, manajemen usaha, hingga memasarkan produk, serta bidang pendukung lainnya, seperti perkebunan, peternakan, dan perhutanan.","analitis, suka angka, suka analisis data, komunikatif, suka kerja tim, tertarik bisnis dan kewirausahaan, suka negosiasi, tertarik manajemen keuangan","analisis, angka, data, matematika, pengolahan data","Jurusan ini mempelajari mempelajari bisnis, berbasis bidang pertanian, mengolah hasil pertanian, manajemen usaha, hingga memasarkan produk, serta bidang pendukung lainnya, seperti perkebunan, peternakan, dan perhutanan. Jurusan ini cocok untuk kamu yang analitis, suka angka, suka analisis data, komunikatif, suka kerja tim, tertarik bisnis dan kewirausahaan, suka negosiasi, tertarik manajemen keuangan. Topik utama yang dipelajari antara lain: analisis, angka, data, matematika, pengolahan data."
Manajemen,Ekonomi dan Bisnis,"Jurusan ini mempelajari pengelolaan bisnis, strategi perusahaan, pemasaran, keuangan, dan sumber daya manusia. Mahasiswa dilatih untuk berpikir strategis, bekerja dalam tim, dan mengambil keputusan dalam dunia bisnis.","komunikatif, suka memimpin, tertarik bisnis, suka kerja tim, analitis, suka perencanaan, adaptif, tertarik manajemen keuangan","manajemen bisnis, pemasaran, sumber daya manusia, manajemen keuangan, strategi bisnis, kepemimpinan, organisasi, operasional bisnis","Jurusan ini mempelajari pengelolaan bisnis, strategi perusahaan, pemasaran, keuangan, dan sumber daya manusia. Mahasiswa dilatih untuk berpikir strategis, bekerja dalam tim, dan mengambil keputusan dalam dunia bisnis. Jurusan ini cocok untuk kamu yang komunikatif, suka memimpin, tertarik bisnis, suka kerja tim, analitis, suka perencanaan, adaptif, tertarik manajemen keuangan. Topik utama yang dipelajari antara lain: manajemen bisnis, pemasaran, sumber daya manusia, manajemen keuangan, strategi bisnis, kepemimpinan, organisasi, operasional bisnis."
Bisnis,Ekonomi dan Bisnis,"Jurusan ini mempelajari dunia usaha, kewirausahaan, pemasaran, dan pengembangan bisnis. Mahasiswa banyak belajar tentang strategi bisnis, kerja tim, serta cara membaca peluang usaha.","tertarik dunia usaha, komunikatif, suka negosiasi, kreatif, suka kerja tim, adaptif, tertarik kewirausahaan, suka strategi bisnis","kewirausahaan, strategi bisnis, pemasaran, pengembangan usaha, komunikasi bisnis, manajemen bisnis, analisis pasar, inovasi bisnis","Jurusan ini mempelajari dunia usaha, kewirausahaan, pemasaran, dan pengembangan bisnis. Mahasiswa banyak belajar tentang strategi bisnis, kerja tim, serta cara membaca peluang usaha. Jurusan ini cocok untuk kamu yang tertarik dunia usaha, komunikatif, suka negosiasi, kreatif, suka kerja tim, adaptif, tertarik kewirausahaan, suka strategi bisnis. Topik utama yang dipelajari antara lain: kewirausahaan, strategi bisnis, pemasaran, pengembangan usaha, komunikasi bisnis, manajemen bisnis, analisis pasar, inovasi bisnis."
Ekonomi Pembangunan,Ekonomi dan Bisnis,"Jurusan ini mempelajari masalah ekonomi, pembangunan daerah, kebijakan publik, dan analisis data ekonomi. Mahasiswa dilatih untuk memahami kondisi ekonomi dan mencari solusi terhadap berbagai masalah pembangunan.","analitis, suka angka, tertarik isu ekonomi, suka analisis data, kritis, tertarik kebijakan publik, suka penelitian, komunikatif","ekonomi makro, ekonomi mikro, pembangunan daerah, kebijakan publik, analisis ekonomi, statistik ekonomi, ekonomi internasional, perencanaan pembangunan","Jurusan ini mempelajari masalah ekonomi, pembangunan daerah, kebijakan publik, dan analisis data ekonomi. Mahasiswa dilatih untuk memahami kondisi ekonomi dan mencari solusi terhadap berbagai masalah pembangunan. Jurusan ini cocok untuk kamu yang analitis, suka angka, tertarik isu ekonomi, suka analisis data, kritis, tertarik kebijakan publik, suka penelitian, komunikatif. Topik utama yang dipelajari antara lain: ekonomi makro, ekonomi mikro, pembangunan daerah, kebijakan publik, analisis ekonomi, statistik ekonomi, ekonomi internasional, perencanaan pembangunan."
Ekonomi Sumberdaya Dan Lingkungan,Ekonomi dan Bisnis,"Jurusan ini mempelajari pengelolaan sumber daya alam, ekonomi lingkungan, dan pembangunan berkelanjutan. Mahasiswa belajar menganalisis hubungan antara ekonomi, lingkungan, dan kebijakan.","analitis, tertarik lingkungan, suka analisis data, suka penelitian, peduli isu pembangunan, kritis, suka pemecahan masalah, tertarik kebijakan lingkungan","ekonomi lingkungan, sumber daya alam, pembangunan berkelanjutan, analisis kebijakan, pengelolaan lingkungan, ekonomi pertanian, konservasi, analisis data","Jurusan ini mempelajari pengelolaan sumber daya alam, ekonomi lingkungan, dan pembangunan berkelanjutan. Mahasiswa belajar menganalisis hubungan antara ekonomi, lingkungan, dan kebijakan. Jurusan ini cocok untuk kamu yang analitis, tertarik lingkungan, suka analisis data, suka penelitian, peduli isu pembangunan, kritis, suka pemecahan masalah, tertarik kebijakan lingkungan. Topik utama yang dipelajari antara lain: ekonomi lingkungan, sumber daya alam, pembangunan berkelanjutan, analisis kebijakan, pengelolaan lingkungan, ekonomi pertanian, konservasi, analisis data."
Akuntansi,Ekonomi dan Bisnis,"Jurusan ini mempelajari pencatatan keuangan, audit, perpajakan, dan analisis laporan keuangan. Mahasiswa dilatih untuk teliti, terstruktur, dan memahami kondisi keuangan suatu organisasi.","teliti, suka angka, analitis, terstruktur, disiplin, suka pencatatan keuangan, bertanggung jawab, fokus pada detail","laporan keuangan, audit, perpajakan, pembukuan, akuntansi biaya, analisis keuangan, sistem informasi akuntansi, pemeriksaan keuangan","Jurusan ini mempelajari pencatatan keuangan, audit, perpajakan, dan analisis laporan keuangan. Mahasiswa dilatih untuk teliti, terstruktur, dan memahami kondisi keuangan suatu organisasi. Jurusan ini cocok untuk kamu yang teliti, suka angka, analitis, terstruktur, disiplin, suka pencatatan keuangan, bertanggung jawab, fokus pada detail. Topik utama yang dipelajari antara lain: laporan keuangan, audit, perpajakan, pembukuan, akuntansi biaya, analisis keuangan, sistem informasi akuntansi, pemeriksaan keuangan."
Kedokteran,Kesehatan,"Jurusan ini mempelajari tubuh manusia, penyakit, diagnosis, serta penanganan kesehatan. Mahasiswa belajar melalui praktikum, analisis kasus medis, dan kegiatan klinis untuk memahami proses pelayanan kesehatan.","suka sains, empati, teliti, komunikatif, suka membantu orang, disiplin, observatif, tahan tekanan","anatomi manusia, diagnosis penyakit, farmakologi, pemeriksaan klinis, kesehatan masyarakat, fisiologi, patologi, ilmu medis","Jurusan ini mempelajari tubuh manusia, penyakit, diagnosis, serta penanganan kesehatan. Mahasiswa belajar melalui praktikum, analisis kasus medis, dan kegiatan klinis untuk memahami proses pelayanan kesehatan. Jurusan ini cocok untuk kamu yang suka sains, empati, teliti, komunikatif, suka membantu orang, disiplin, observatif, tahan tekanan. Topik utama yang dipelajari antara lain: anatomi manusia, diagnosis penyakit, farmakologi, pemeriksaan klinis, kesehatan masyarakat, fisiologi, patologi, ilmu medis."
Kedokteran Gigi,Kesehatan,"Jurusan ini mempelajari kesehatan gigi dan mulut, pencegahan penyakit, serta tindakan perawatan gigi. Mahasiswa banyak melakukan praktikum, pemeriksaan, dan latihan keterampilan klinis.","teliti, suka sains, suka membantu orang, sabar, komunikatif, terampil, fokus pada detail, disiplin","kesehatan gigi, anatomi gigi, ortodonti, perawatan gigi, kedokteran gigi, kesehatan mulut, klinik gigi, diagnosis gigi","Jurusan ini mempelajari kesehatan gigi dan mulut, pencegahan penyakit, serta tindakan perawatan gigi. Mahasiswa banyak melakukan praktikum, pemeriksaan, dan latihan keterampilan klinis. Jurusan ini cocok untuk kamu yang teliti, suka sains, suka membantu orang, sabar, komunikatif, terampil, fokus pada detail, disiplin. Topik utama yang dipelajari antara lain: kesehatan gigi, anatomi gigi, ortodonti, perawatan gigi, kedokteran gigi, kesehatan mulut, klinik gigi, diagnosis gigi."
Kedokteran Hewan,Kesehatan,"Jurusan ini mempelajari kesehatan hewan, penyakit hewan, dan penanganan medis pada berbagai jenis hewan. Mahasiswa belajar melalui praktikum laboratorium, observasi, dan kegiatan klinis hewan.","suka hewan, empati, teliti, suka sains, observatif, sabar, suka praktik, suka membantu makhluk hidup","kesehatan hewan, anatomi hewan, penyakit hewan, klinik hewan, vaksinasi, farmakologi hewan, peternakan, diagnosis hewan","Jurusan ini mempelajari kesehatan hewan, penyakit hewan, dan penanganan medis pada berbagai jenis hewan. Mahasiswa belajar melalui praktikum laboratorium, observasi, dan kegiatan klinis hewan. Jurusan ini cocok untuk kamu yang suka hewan, empati, teliti, suka sains, observatif, sabar, suka praktik, suka membantu makhluk hidup. Topik utama yang dipelajari antara lain: kesehatan hewan, anatomi hewan, penyakit hewan, klinik hewan, vaksinasi, farmakologi hewan, peternakan, diagnosis hewan."
Farmasi,Kesehatan,"Jurusan ini mempelajari obat-obatan, cara kerja obat, formulasi, dan distribusi obat dalam pelayanan kesehatan. Mahasiswa banyak belajar di laboratorium dan memahami penggunaan obat secara aman dan efektif.","teliti, suka kimia, suka sains, analitis, disiplin, suka praktikum, fokus pada detail, bertanggung jawab","obat-obatan, farmakologi, kimia farmasi, formulasi obat, apotek, laboratorium, teknologi farmasi, pelayanan kesehatan","Jurusan ini mempelajari obat-obatan, cara kerja obat, formulasi, dan distribusi obat dalam pelayanan kesehatan. Mahasiswa banyak belajar di laboratorium dan memahami penggunaan obat secara aman dan efektif. Jurusan ini cocok untuk kamu yang teliti, suka kimia, suka sains, analitis, disiplin, suka praktikum, fokus pada detail, bertanggung jawab. Topik utama yang dipelajari antara lain: obat-obatan, farmakologi, kimia farmasi, formulasi obat, apotek, laboratorium, teknologi farmasi, pelayanan kesehatan."
Gizi,Kesehatan,"Jurusan ini mempelajari hubungan makanan, nutrisi, dan kesehatan tubuh. Mahasiswa belajar menyusun pola makan, analisis gizi, dan edukasi kesehatan untuk berbagai kelompok masyarakat.","suka kesehatan, suka biologi, komunikatif, peduli kesehatan, teliti, suka membantu orang, analitis, suka edukasi","nutrisi, pola makan, kesehatan masyarakat, gizi klinis, diet, metabolisme, pangan, konsultasi gizi","Jurusan ini mempelajari hubungan makanan, nutrisi, dan kesehatan tubuh. Mahasiswa belajar menyusun pola makan, analisis gizi, dan edukasi kesehatan untuk berbagai kelompok masyarakat. Jurusan ini cocok untuk kamu yang suka kesehatan, suka biologi, komunikatif, peduli kesehatan, teliti, suka membantu orang, analitis, suka edukasi. Topik utama yang dipelajari antara lain: nutrisi, pola makan, kesehatan masyarakat, gizi klinis, diet, metabolisme, pangan, konsultasi gizi."
Psikologi,Kesehatan,"Jurusan ini mempelajari perilaku manusia, emosi, proses berpikir, dan hubungan sosial. Mahasiswa banyak melakukan observasi, diskusi kasus, penelitian, dan memahami cara membantu individu maupun kelompok.","empati, komunikatif, suka memahami orang, observatif, suka penelitian, pendengar yang baik, kritis, suka analisis perilaku","perilaku manusia, kesehatan mental, konseling, psikologi perkembangan, penelitian sosial, observasi, emosi, hubungan sosial","Jurusan ini mempelajari perilaku manusia, emosi, proses berpikir, dan hubungan sosial. Mahasiswa banyak melakukan observasi, diskusi kasus, penelitian, dan memahami cara membantu individu maupun kelompok. Jurusan ini cocok untuk kamu yang empati, komunikatif, suka memahami orang, observatif, suka penelitian, pendengar yang baik, kritis, suka analisis perilaku. Topik utama yang dipelajari antara lain: perilaku manusia, kesehatan mental, konseling, psikologi perkembangan, penelitian sosial, observasi, emosi, hubungan sosial."
Kebidanan,Kesehatan,"Jurusan ini mempelajari kesehatan ibu dan anak, proses kehamilan, persalinan, serta perawatan bayi. Mahasiswa belajar melalui praktikum, simulasi, dan pelayanan kesehatan secara langsung.","empati, suka membantu orang, sabar, komunikatif, teliti, disiplin, suka kesehatan, peduli ibu dan anak","kehamilan, persalinan, kesehatan ibu, kesehatan bayi, pelayanan kebidanan, perawatan ibu, reproduksi, kesehatan keluarga","Jurusan ini mempelajari kesehatan ibu dan anak, proses kehamilan, persalinan, serta perawatan bayi. Mahasiswa belajar melalui praktikum, simulasi, dan pelayanan kesehatan secara langsung. Jurusan ini cocok untuk kamu yang empati, suka membantu orang, sabar, komunikatif, teliti, disiplin, suka kesehatan, peduli ibu dan anak. Topik utama yang dipelajari antara lain: kehamilan, persalinan, kesehatan ibu, kesehatan bayi, pelayanan kebidanan, perawatan ibu, reproduksi, kesehatan keluarga."
Kesehatan Masyarakat,Kesehatan,"Jurusan ini mempelajari upaya pencegahan penyakit dan peningkatan kesehatan masyarakat melalui edukasi, penelitian, dan program kesehatan. Mahasiswa belajar menganalisis masalah kesehatan dan membuat solusi berbasis data.","peduli kesehatan, komunikatif, suka penelitian, analitis, suka kerja lapangan, suka membantu masyarakat, kritis, suka analisis data","epidemiologi, promosi kesehatan, kesehatan lingkungan, statistik kesehatan, kebijakan kesehatan, kesehatan masyarakat, penelitian kesehatan, sanitasi","Jurusan ini mempelajari upaya pencegahan penyakit dan peningkatan kesehatan masyarakat melalui edukasi, penelitian, dan program kesehatan. Mahasiswa belajar menganalisis masalah kesehatan dan membuat solusi berbasis data. Jurusan ini cocok untuk kamu yang peduli kesehatan, komunikatif, suka penelitian, analitis, suka kerja lapangan, suka membantu masyarakat, kritis, suka analisis data. Topik utama yang dipelajari antara lain: epidemiologi, promosi kesehatan, kesehatan lingkungan, statistik kesehatan, kebijakan kesehatan, kesehatan masyarakat, penelitian kesehatan, sanitasi."
Keselamatan dan Kesehatan Kerja,Kesehatan,"Jurusan ini mempelajari keselamatan kerja, pencegahan kecelakaan, dan pengelolaan risiko di lingkungan kerja. Mahasiswa belajar menganalisis potensi bahaya dan menerapkan sistem keselamatan kerja.","teliti, disiplin, analitis, suka pemecahan masalah, suka lingkungan kerja aman, observatif, bertanggung jawab, suka manajemen risiko","keselamatan kerja, kesehatan kerja, manajemen risiko, identifikasi bahaya, ergonomi, audit keselamatan, kecelakaan kerja, lingkungan kerja","Jurusan ini mempelajari keselamatan kerja, pencegahan kecelakaan, dan pengelolaan risiko di lingkungan kerja. Mahasiswa belajar menganalisis potensi bahaya dan menerapkan sistem keselamatan kerja. Jurusan ini cocok untuk kamu yang teliti, disiplin, analitis, suka pemecahan masalah, suka lingkungan kerja aman, observatif, bertanggung jawab, suka manajemen risiko. Topik utama yang dipelajari antara lain: keselamatan kerja, kesehatan kerja, manajemen risiko, identifikasi bahaya, ergonomi, audit keselamatan, kecelakaan kerja, lingkungan kerja."
Ilmu Keperawatan,Kesehatan,"urusan ini mempelajari perawatan pasien, pelayanan kesehatan, dan pendampingan dalam proses pemulihan. Mahasiswa belajar melalui praktikum, simulasi, dan praktik klinis di fasilitas kesehatan.","empati, suka membantu orang, sabar, komunikatif, disiplin, teliti, suka kesehatan, mampu bekerja dalam tim","perawatan pasien, kesehatan klinis, tindakan keperawatan, pelayanan kesehatan, anatomi manusia, komunikasi pasien, praktik klinis, rehabilitasi pasien","urusan ini mempelajari perawatan pasien, pelayanan kesehatan, dan pendampingan dalam proses pemulihan. Mahasiswa belajar melalui praktikum, simulasi, dan praktik klinis di fasilitas kesehatan. Jurusan ini cocok untuk kamu yang empati, suka membantu orang, sabar, komunikatif, disiplin, teliti, suka kesehatan, mampu bekerja dalam tim. Topik utama yang dipelajari antara lain: perawatan pasien, kesehatan klinis, tindakan keperawatan, pelayanan kesehatan, anatomi manusia, komunikasi pasien, praktik klinis, rehabilitasi pasien."
Ilmu Politik,Sosial dan Humaniora,"Jurusan ini mempelajari sistem politik, kebijakan publik, kekuasaan, dan dinamika pemerintahan. Mahasiswa belajar menganalisis isu politik, perilaku masyarakat, serta proses pengambilan keputusan dalam negara.","kritis, suka diskusi, komunikatif, tertarik isu sosial dan politik, analitis, suka debat, observatif, suka membaca","politik, kebijakan publik, demokrasi, pemerintahan, partai politik, hubungan kekuasaan, analisis politik, sistem politik","Jurusan ini mempelajari sistem politik, kebijakan publik, kekuasaan, dan dinamika pemerintahan. Mahasiswa belajar menganalisis isu politik, perilaku masyarakat, serta proses pengambilan keputusan dalam negara. Jurusan ini cocok untuk kamu yang kritis, suka diskusi, komunikatif, tertarik isu sosial dan politik, analitis, suka debat, observatif, suka membaca. Topik utama yang dipelajari antara lain: politik, kebijakan publik, demokrasi, pemerintahan, partai politik, hubungan kekuasaan, analisis politik, sistem politik."
Filsafat,Sosial dan Humaniora,"Jurusan ini mempelajari pemikiran manusia, logika, etika, dan cara memahami berbagai persoalan secara mendalam. Mahasiswa banyak berdiskusi, membaca, dan menganalisis gagasan secara kritis.","kritis, suka berpikir mendalam, suka membaca, analitis, reflektif, suka diskusi, penasaran, terbuka pada ide baru","logika, etika, pemikiran kritis, filsafat ilmu, pemikiran manusia, argumentasi, teori pengetahuan, analisis konsep","Jurusan ini mempelajari pemikiran manusia, logika, etika, dan cara memahami berbagai persoalan secara mendalam. Mahasiswa banyak berdiskusi, membaca, dan menganalisis gagasan secara kritis. Jurusan ini cocok untuk kamu yang kritis, suka berpikir mendalam, suka membaca, analitis, reflektif, suka diskusi, penasaran, terbuka pada ide baru. Topik utama yang dipelajari antara lain: logika, etika, pemikiran kritis, filsafat ilmu, pemikiran manusia, argumentasi, teori pengetahuan, analisis konsep."
Kriminologi,Sosial dan Humaniora,"Jurusan ini mempelajari kejahatan, perilaku kriminal, serta faktor sosial yang memengaruhi tindakan kriminal. Mahasiswa belajar menganalisis kasus, penelitian sosial, dan sistem penegakan hukum.","analitis, suka penelitian, kritis, observatif, tertarik isu sosial, suka investigasi, komunikatif, suka analisis perilaku","kejahatan, kriminalitas, perilaku sosial, investigasi, hukum pidana, penelitian sosial, penyimpangan sosial, keamanan masyarakat","Jurusan ini mempelajari kejahatan, perilaku kriminal, serta faktor sosial yang memengaruhi tindakan kriminal. Mahasiswa belajar menganalisis kasus, penelitian sosial, dan sistem penegakan hukum. Jurusan ini cocok untuk kamu yang analitis, suka penelitian, kritis, observatif, tertarik isu sosial, suka investigasi, komunikatif, suka analisis perilaku. Topik utama yang dipelajari antara lain: kejahatan, kriminalitas, perilaku sosial, investigasi, hukum pidana, penelitian sosial, penyimpangan sosial, keamanan masyarakat."
Ilmu Hukum,Sosial dan Humaniora,"Jurusan ini mempelajari aturan hukum, sistem peradilan, dan penyelesaian masalah hukum di masyarakat. Mahasiswa banyak belajar analisis kasus, argumentasi, dan penerapan hukum dalam berbagai situasi.","kritis, suka membaca, analitis, komunikatif, suka debat, teliti, tegas, suka memecahkan masalah","hukum pidana, hukum perdata, peradilan, advokasi, kontrak hukum, hak asasi manusia, hukum bisnis, legal drafting","Jurusan ini mempelajari aturan hukum, sistem peradilan, dan penyelesaian masalah hukum di masyarakat. Mahasiswa banyak belajar analisis kasus, argumentasi, dan penerapan hukum dalam berbagai situasi. Jurusan ini cocok untuk kamu yang kritis, suka membaca, analitis, komunikatif, suka debat, teliti, tegas, suka memecahkan masalah. Topik utama yang dipelajari antara lain: hukum pidana, hukum perdata, peradilan, advokasi, kontrak hukum, hak asasi manusia, hukum bisnis, legal drafting."
Sosiologi,Sosial dan Humaniora,"Jurusan ini mempelajari masyarakat, interaksi sosial, budaya, dan berbagai fenomena sosial. Mahasiswa belajar melakukan observasi, penelitian, dan analisis terhadap perubahan sosial di masyarakat.","suka memahami masyarakat, komunikatif, observatif, kritis, suka penelitian, terbuka pada perbedaan, suka diskusi, analitis","masyarakat, interaksi sosial, penelitian sosial, perubahan sosial, budaya, perilaku sosial, fenomena sosial, analisis sosial","Jurusan ini mempelajari masyarakat, interaksi sosial, budaya, dan berbagai fenomena sosial. Mahasiswa belajar melakukan observasi, penelitian, dan analisis terhadap perubahan sosial di masyarakat. Jurusan ini cocok untuk kamu yang suka memahami masyarakat, komunikatif, observatif, kritis, suka penelitian, terbuka pada perbedaan, suka diskusi, analitis. Topik utama yang dipelajari antara lain: masyarakat, interaksi sosial, penelitian sosial, perubahan sosial, budaya, perilaku sosial, fenomena sosial, analisis sosial."
Jurnalistik,Sosial dan Humaniora,"Jurusan ini mempelajari teknik peliputan berita, penulisan media, dan penyampaian informasi kepada publik. Mahasiswa banyak melakukan wawancara, observasi, penulisan, dan produksi konten media.","komunikatif, suka menulis, penasaran, kritis, suka mencari informasi, kreatif, percaya diri, observatif","berita, wawancara, media massa, penulisan berita, peliputan, komunikasi publik, penyiaran, produksi media","Jurusan ini mempelajari teknik peliputan berita, penulisan media, dan penyampaian informasi kepada publik. Mahasiswa banyak melakukan wawancara, observasi, penulisan, dan produksi konten media. Jurusan ini cocok untuk kamu yang komunikatif, suka menulis, penasaran, kritis, suka mencari informasi, kreatif, percaya diri, observatif. Topik utama yang dipelajari antara lain: berita, wawancara, media massa, penulisan berita, peliputan, komunikasi publik, penyiaran, produksi media."
Antropologi,Sosial dan Humaniora,"Jurusan ini mempelajari budaya, perilaku manusia, dan kehidupan sosial masyarakat. Mahasiswa banyak melakukan observasi, penelitian, dan analisis terhadap berbagai fenomena sosial dan budaya.","suka memahami budaya, observatif, komunikatif, suka penelitian, terbuka terhadap perbedaan, kritis, suka interaksi sosial, suka analisis sosial","budaya masyarakat, etnografi, penelitian sosial, antropologi budaya, perilaku manusia, observasi lapangan, interaksi sosial, perubahan budaya","Jurusan ini mempelajari budaya, perilaku manusia, dan kehidupan sosial masyarakat. Mahasiswa banyak melakukan observasi, penelitian, dan analisis terhadap berbagai fenomena sosial dan budaya. Jurusan ini cocok untuk kamu yang suka memahami budaya, observatif, komunikatif, suka penelitian, terbuka terhadap perbedaan, kritis, suka interaksi sosial, suka analisis sosial. Topik utama yang dipelajari antara lain: budaya masyarakat, etnografi, penelitian sosial, antropologi budaya, perilaku manusia, observasi lapangan, interaksi sosial, perubahan budaya."
Hubungan Internasional,Sosial dan Humaniora,"Jurusan ini mempelajari hubungan antarnegara, diplomasi, organisasi internasional, dan isu global. Mahasiswa belajar menganalisis politik dunia, komunikasi internasional, dan kerja sama antarnegara.","komunikatif, tertarik isu global, suka bahasa asing, kritis, suka diskusi, analitis, percaya diri, suka diplomasi","diplomasi, politik internasional, organisasi internasional, hubungan antarnegara, kerja sama internasional, isu global, negosiasi, geopolitik","Jurusan ini mempelajari hubungan antarnegara, diplomasi, organisasi internasional, dan isu global. Mahasiswa belajar menganalisis politik dunia, komunikasi internasional, dan kerja sama antarnegara. Jurusan ini cocok untuk kamu yang komunikatif, tertarik isu global, suka bahasa asing, kritis, suka diskusi, analitis, percaya diri, suka diplomasi. Topik utama yang dipelajari antara lain: diplomasi, politik internasional, organisasi internasional, hubungan antarnegara, kerja sama internasional, isu global, negosiasi, geopolitik."
Ilmu Pemerintahan,Sosial dan Humaniora,"Jurusan ini mempelajari sistem pemerintahan, administrasi publik, dan kebijakan negara. Mahasiswa belajar memahami proses pengambilan keputusan serta pengelolaan pemerintahan dan pelayanan publik.","kritis, komunikatif, suka organisasi, tertarik kebijakan publik, suka diskusi, analitis, suka memimpin, peduli masyarakat","pemerintahan, administrasi publik, kebijakan publik, pelayanan masyarakat, birokrasi, politik pemerintahan, tata kelola, pembangunan daerah","Jurusan ini mempelajari sistem pemerintahan, administrasi publik, dan kebijakan negara. Mahasiswa belajar memahami proses pengambilan keputusan serta pengelolaan pemerintahan dan pelayanan publik. Jurusan ini cocok untuk kamu yang kritis, komunikatif, suka organisasi, tertarik kebijakan publik, suka diskusi, analitis, suka memimpin, peduli masyarakat. Topik utama yang dipelajari antara lain: pemerintahan, administrasi publik, kebijakan publik, pelayanan masyarakat, birokrasi, politik pemerintahan, tata kelola, pembangunan daerah."
Ilmu Komunikasi,Sosial dan Humaniora,"Jurusan ini mempelajari komunikasi media, hubungan publik, penyiaran, dan strategi penyampaian pesan. Mahasiswa banyak belajar membuat konten, presentasi, serta memahami komunikasi di berbagai media.","komunikatif, kreatif, percaya diri, suka berbicara, suka media, suka kerja tim, adaptif, suka membuat konten","media komunikasi, hubungan publik, penyiaran, komunikasi digital, public relations, produksi media, periklanan, strategi komunikasi","Jurusan ini mempelajari komunikasi media, hubungan publik, penyiaran, dan strategi penyampaian pesan. Mahasiswa banyak belajar membuat konten, presentasi, serta memahami komunikasi di berbagai media. Jurusan ini cocok untuk kamu yang komunikatif, kreatif, percaya diri, suka berbicara, suka media, suka kerja tim, adaptif, suka membuat konten. Topik utama yang dipelajari antara lain: media komunikasi, hubungan publik, penyiaran, komunikasi digital, public relations, produksi media, periklanan, strategi komunikasi."
Ilmu Sejarah,Sastra dan Budaya,"Jurusan ini mempelajari peristiwa masa lalu, perkembangan peradaban, dan perubahan sosial dari berbagai periode sejarah. Mahasiswa belajar menganalisis sumber sejarah, penelitian, dan memahami konteks budaya serta masyarakat.","suka sejarah, suka membaca, analitis, observatif, suka penelitian, kritis, teliti, tertarik budaya","sejarah dunia, sejarah Indonesia, penelitian sejarah, arsip sejarah, peradaban, historiografi, budaya, analisis sejarah","Jurusan ini mempelajari peristiwa masa lalu, perkembangan peradaban, dan perubahan sosial dari berbagai periode sejarah. Mahasiswa belajar menganalisis sumber sejarah, penelitian, dan memahami konteks budaya serta masyarakat. Jurusan ini cocok untuk kamu yang suka sejarah, suka membaca, analitis, observatif, suka penelitian, kritis, teliti, tertarik budaya. Topik utama yang dipelajari antara lain: sejarah dunia, sejarah Indonesia, penelitian sejarah, arsip sejarah, peradaban, historiografi, budaya, analisis sejarah."
Sastra,Sastra dan Budaya,"Jurusan ini mempelajari bahasa, karya sastra, budaya, dan komunikasi dalam berbagai bentuk tulisan maupun lisan. Mahasiswa banyak membaca, menulis, dan menganalisis karya sastra serta bahasa.","suka membaca, kreatif, komunikatif, suka menulis, kritis, tertarik budaya, imajinatif, observatif","karya sastra, linguistik, budaya, penulisan, analisis teks, bahasa, sastra modern, komunikasi","Jurusan ini mempelajari bahasa, karya sastra, budaya, dan komunikasi dalam berbagai bentuk tulisan maupun lisan. Mahasiswa banyak membaca, menulis, dan menganalisis karya sastra serta bahasa. Jurusan ini cocok untuk kamu yang suka membaca, kreatif, komunikatif, suka menulis, kritis, tertarik budaya, imajinatif, observatif. Topik utama yang dipelajari antara lain: karya sastra, linguistik, budaya, penulisan, analisis teks, bahasa, sastra modern, komunikasi."
Sastra Jawa,Sastra dan Budaya,"Jurusan ini mempelajari bahasa, sastra, dan budaya Jawa, termasuk naskah tradisional dan perkembangan budaya masyarakat Jawa. Mahasiswa belajar membaca, meneliti, dan melestarikan budaya daerah.","suka budaya daerah, suka membaca, teliti, tertarik bahasa, suka penelitian, observatif, komunikatif, suka sejarah","bahasa Jawa, sastra Jawa, budaya Jawa, aksara Jawa, naskah kuno, tradisi Jawa, linguistik daerah, kebudayaan","Jurusan ini mempelajari bahasa, sastra, dan budaya Jawa, termasuk naskah tradisional dan perkembangan budaya masyarakat Jawa. Mahasiswa belajar membaca, meneliti, dan melestarikan budaya daerah. Jurusan ini cocok untuk kamu yang suka budaya daerah, suka membaca, teliti, tertarik bahasa, suka penelitian, observatif, komunikatif, suka sejarah. Topik utama yang dipelajari antara lain: bahasa Jawa, sastra Jawa, budaya Jawa, aksara Jawa, naskah kuno, tradisi Jawa, linguistik daerah, kebudayaan."
Arkeologi,Sastra dan Budaya,"Jurusan ini mempelajari peninggalan sejarah dan kehidupan manusia masa lalu melalui penelitian artefak dan situs budaya. Mahasiswa dilatih untuk teliti, observatif, dan memahami sejarah serta budaya manusia.","teliti, suka sejarah, observatif, suka penelitian lapangan, sabar, analitis, suka eksplorasi, tertarik budaya dan peninggalan sejarah","peninggalan sejarah, artefak, ekskavasi, sejarah budaya, situs purbakala, penelitian lapangan, konservasi budaya, peradaban manusia","Jurusan ini mempelajari peninggalan sejarah dan kehidupan manusia masa lalu melalui penelitian artefak dan situs budaya. Mahasiswa dilatih untuk teliti, observatif, dan memahami sejarah serta budaya manusia. Jurusan ini cocok untuk kamu yang teliti, suka sejarah, observatif, suka penelitian lapangan, sabar, analitis, suka eksplorasi, tertarik budaya dan peninggalan sejarah. Topik utama yang dipelajari antara lain: peninggalan sejarah, artefak, ekskavasi, sejarah budaya, situs purbakala, penelitian lapangan, konservasi budaya, peradaban manusia."
Sejarah dan Kebudayaan Islam,Sastra dan Budaya,"Jurusan ini mempelajari perkembangan sejarah Islam, peradaban Islam, dan pengaruh budaya Islam di berbagai wilayah. Mahasiswa belajar menganalisis sejarah, budaya, dan pemikiran Islam secara kritis.","suka sejarah, tertarik budaya Islam, suka membaca, kritis, suka penelitian, observatif, analitis, komunikatif","peradaban Islam, sejarah Islam, budaya Islam, tokoh Islam, sejarah kebudayaan, penelitian sejarah, pemikiran Islam, masyarakat Islam","Jurusan ini mempelajari perkembangan sejarah Islam, peradaban Islam, dan pengaruh budaya Islam di berbagai wilayah. Mahasiswa belajar menganalisis sejarah, budaya, dan pemikiran Islam secara kritis. Jurusan ini cocok untuk kamu yang suka sejarah, tertarik budaya Islam, suka membaca, kritis, suka penelitian, observatif, analitis, komunikatif. Topik utama yang dipelajari antara lain: peradaban Islam, sejarah Islam, budaya Islam, tokoh Islam, sejarah kebudayaan, penelitian sejarah, pemikiran Islam, masyarakat Islam."
Teknik Informatika,Komputer dan Teknologi,"Jurusan ini mempelajari pemrograman, pengembangan perangkat lunak, sistem komputer, dan teknologi digital. Mahasiswa banyak mengerjakan proyek aplikasi, analisis data, dan pemecahan masalah berbasis teknologi.","suka teknologi, analitis, logis, suka pemrograman, suka problem solving, kreatif, suka belajar hal baru, teliti","pemrograman, algoritma, pengembangan perangkat lunak, basis data, kecerdasan buatan, aplikasi digital, jaringan komputer, teknologi informasi","Jurusan ini mempelajari pemrograman, pengembangan perangkat lunak, sistem komputer, dan teknologi digital. Mahasiswa banyak mengerjakan proyek aplikasi, analisis data, dan pemecahan masalah berbasis teknologi. Jurusan ini cocok untuk kamu yang suka teknologi, analitis, logis, suka pemrograman, suka problem solving, kreatif, suka belajar hal baru, teliti. Topik utama yang dipelajari antara lain: pemrograman, algoritma, pengembangan perangkat lunak, basis data, kecerdasan buatan, aplikasi digital, jaringan komputer, teknologi informasi."
Sistem Informasi,Komputer dan Teknologi,"Jurusan ini mempelajari pengelolaan data, sistem bisnis, dan teknologi informasi untuk mendukung kebutuhan organisasi. Mahasiswa belajar menghubungkan teknologi dengan proses bisnis dan analisis sistem.","analitis, suka teknologi, komunikatif, suka analisis data, suka kerja tim, terstruktur, suka bisnis, problem solving","sistem informasi, analisis sistem, basis data, teknologi informasi, bisnis digital, manajemen data, pengembangan sistem, transformasi digital","Jurusan ini mempelajari pengelolaan data, sistem bisnis, dan teknologi informasi untuk mendukung kebutuhan organisasi. Mahasiswa belajar menghubungkan teknologi dengan proses bisnis dan analisis sistem. Jurusan ini cocok untuk kamu yang analitis, suka teknologi, komunikatif, suka analisis data, suka kerja tim, terstruktur, suka bisnis, problem solving. Topik utama yang dipelajari antara lain: sistem informasi, analisis sistem, basis data, teknologi informasi, bisnis digital, manajemen data, pengembangan sistem, transformasi digital."
Sistem Komputer,Komputer dan Teknologi,"Jurusan ini mempelajari perangkat keras, perangkat lunak, jaringan, dan cara kerja sistem komputer secara menyeluruh. Mahasiswa banyak belajar tentang pemrograman, elektronika, dan integrasi sistem komputer.","suka teknologi, analitis, logis, suka perangkat keras, suka pemrograman, teliti, suka eksperimen, problem solving","arsitektur komputer, perangkat keras, jaringan komputer, sistem digital, elektronika, pemrograman, mikrokontroler, sistem embedded","Jurusan ini mempelajari perangkat keras, perangkat lunak, jaringan, dan cara kerja sistem komputer secara menyeluruh. Mahasiswa banyak belajar tentang pemrograman, elektronika, dan integrasi sistem komputer. Jurusan ini cocok untuk kamu yang suka teknologi, analitis, logis, suka perangkat keras, suka pemrograman, teliti, suka eksperimen, problem solving. Topik utama yang dipelajari antara lain: arsitektur komputer, perangkat keras, jaringan komputer, sistem digital, elektronika, pemrograman, mikrokontroler, sistem embedded."
Ilmu Komputer,Komputer dan Teknologi,"Jurusan ini mempelajari komputasi, algoritma, pemrograman, dan pengolahan data untuk menyelesaikan berbagai masalah teknologi. Mahasiswa dilatih berpikir logis, sistematis, dan mengembangkan solusi digital.","analitis, logis, suka teknologi, suka pemrograman, suka matematika, problem solving, teliti, suka belajar teknologi baru","algoritma, kecerdasan buatan, pemrograman, ilmu data, komputasi, basis data, pengembangan perangkat lunak, machine learning","Jurusan ini mempelajari komputasi, algoritma, pemrograman, dan pengolahan data untuk menyelesaikan berbagai masalah teknologi. Mahasiswa dilatih berpikir logis, sistematis, dan mengembangkan solusi digital. Jurusan ini cocok untuk kamu yang analitis, logis, suka teknologi, suka pemrograman, suka matematika, problem solving, teliti, suka belajar teknologi baru. Topik utama yang dipelajari antara lain: algoritma, kecerdasan buatan, pemrograman, ilmu data, komputasi, basis data, pengembangan perangkat lunak, machine learning."
Cyber Security,Komputer dan Teknologi,"Jurusan ini mempelajari keamanan sistem komputer, jaringan, dan perlindungan data dari ancaman digital. Mahasiswa belajar menganalisis risiko keamanan dan mengembangkan sistem perlindungan informasi.","analitis, suka teknologi, teliti, suka problem solving, logis, suka keamanan digital, observatif, suka tantangan","keamanan siber, jaringan komputer, enkripsi, keamanan data, ethical hacking, keamanan informasi, analisis risiko, sistem keamanan digital","Jurusan ini mempelajari keamanan sistem komputer, jaringan, dan perlindungan data dari ancaman digital. Mahasiswa belajar menganalisis risiko keamanan dan mengembangkan sistem perlindungan informasi. Jurusan ini cocok untuk kamu yang analitis, suka teknologi, teliti, suka problem solving, logis, suka keamanan digital, observatif, suka tantangan. Topik utama yang dipelajari antara lain: keamanan siber, jaringan komputer, enkripsi, keamanan data, ethical hacking, keamanan informasi, analisis risiko, sistem keamanan digital."
Pendidikan Guru Sekolah Dasar,Pendidikan,"Jurusan ini mempelajari metode mengajar, perkembangan anak, dan pengelolaan pembelajaran di sekolah dasar. Mahasiswa dilatih untuk kreatif, komunikatif, dan mampu membimbing anak dalam proses belajar.","suka mengajar, sabar, komunikatif, kreatif, suka anak-anak, peduli pendidikan, suka kerja tim, empati","pembelajaran sekolah dasar, metode mengajar, perkembangan anak, media pembelajaran, pendidikan dasar, evaluasi pembelajaran, kurikulum, pedagogi","Jurusan ini mempelajari metode mengajar, perkembangan anak, dan pengelolaan pembelajaran di sekolah dasar. Mahasiswa dilatih untuk kreatif, komunikatif, dan mampu membimbing anak dalam proses belajar. Jurusan ini cocok untuk kamu yang suka mengajar, sabar, komunikatif, kreatif, suka anak-anak, peduli pendidikan, suka kerja tim, empati. Topik utama yang dipelajari antara lain: pembelajaran sekolah dasar, metode mengajar, perkembangan anak, media pembelajaran, pendidikan dasar, evaluasi pembelajaran, kurikulum, pedagogi."
Manajemen Pendidikan,Pendidikan,"Jurusan ini mempelajari pengelolaan lembaga pendidikan, administrasi sekolah, dan perencanaan sistem pendidikan. Mahasiswa belajar tentang kepemimpinan, organisasi, dan pengembangan pendidikan.","komunikatif, suka organisasi, suka memimpin, terstruktur, peduli pendidikan, analitis, disiplin, suka perencanaan","administrasi pendidikan, kepemimpinan pendidikan, manajemen sekolah, kebijakan pendidikan, organisasi pendidikan, evaluasi pendidikan, sistem pendidikan, perencanaan pendidikan","Jurusan ini mempelajari pengelolaan lembaga pendidikan, administrasi sekolah, dan perencanaan sistem pendidikan. Mahasiswa belajar tentang kepemimpinan, organisasi, dan pengembangan pendidikan. Jurusan ini cocok untuk kamu yang komunikatif, suka organisasi, suka memimpin, terstruktur, peduli pendidikan, analitis, disiplin, suka perencanaan. Topik utama yang dipelajari antara lain: administrasi pendidikan, kepemimpinan pendidikan, manajemen sekolah, kebijakan pendidikan, organisasi pendidikan, evaluasi pendidikan, sistem pendidikan, perencanaan pendidikan."
Pendidikan Anak Usia Dini,Pendidikan,"Jurusan ini mempelajari perkembangan anak usia dini, metode pembelajaran, dan pengasuhan anak. Mahasiswa belajar menciptakan kegiatan belajar yang kreatif dan sesuai dengan tahap perkembangan anak.","suka anak-anak, kreatif, sabar, komunikatif, peduli pendidikan, empati, suka bermain sambil belajar, penyayang","perkembangan anak, pendidikan anak usia dini, metode bermain, psikologi anak, media pembelajaran, kreativitas anak, pengasuhan anak, pembelajaran anak","Jurusan ini mempelajari perkembangan anak usia dini, metode pembelajaran, dan pengasuhan anak. Mahasiswa belajar menciptakan kegiatan belajar yang kreatif dan sesuai dengan tahap perkembangan anak. Jurusan ini cocok untuk kamu yang suka anak-anak, kreatif, sabar, komunikatif, peduli pendidikan, empati, suka bermain sambil belajar, penyayang. Topik utama yang dipelajari antara lain: perkembangan anak, pendidikan anak usia dini, metode bermain, psikologi anak, media pembelajaran, kreativitas anak, pengasuhan anak, pembelajaran anak."
Ilmu Perpustakaan,Pendidikan,"Jurusan ini mempelajari pengelolaan informasi, arsip, dokumen, dan layanan perpustakaan. Mahasiswa belajar mengatur data dan menyediakan informasi secara sistematis dan mudah diakses.","teliti, suka membaca, terstruktur, suka mengelola data, disiplin, observatif, komunikatif, suka informasi","arsip, katalogisasi, manajemen informasi, perpustakaan digital, dokumentasi, literasi informasi, pengelolaan data, sistem informasi perpustakaan","Jurusan ini mempelajari pengelolaan informasi, arsip, dokumen, dan layanan perpustakaan. Mahasiswa belajar mengatur data dan menyediakan informasi secara sistematis dan mudah diakses. Jurusan ini cocok untuk kamu yang teliti, suka membaca, terstruktur, suka mengelola data, disiplin, observatif, komunikatif, suka informasi. Topik utama yang dipelajari antara lain: arsip, katalogisasi, manajemen informasi, perpustakaan digital, dokumentasi, literasi informasi, pengelolaan data, sistem informasi perpustakaan."
Pendidikan Kepelatihan Olahraga,Pendidikan,"Jurusan ini mempelajari teknik pelatihan olahraga, kebugaran, dan pengembangan kemampuan atlet. Mahasiswa belajar menyusun program latihan dan memahami kesehatan fisik serta performa olahraga.","suka olahraga, disiplin, suka melatih, komunikatif, energik, suka kerja tim, suka aktivitas fisik, percaya diri","kepelatihan olahraga, kebugaran, fisiologi olahraga, latihan fisik, performa atlet, kesehatan olahraga, strategi pertandingan, olahraga pendidikan","Jurusan ini mempelajari teknik pelatihan olahraga, kebugaran, dan pengembangan kemampuan atlet. Mahasiswa belajar menyusun program latihan dan memahami kesehatan fisik serta performa olahraga. Jurusan ini cocok untuk kamu yang suka olahraga, disiplin, suka melatih, komunikatif, energik, suka kerja tim, suka aktivitas fisik, percaya diri. Topik utama yang dipelajari antara lain: kepelatihan olahraga, kebugaran, fisiologi olahraga, latihan fisik, performa atlet, kesehatan olahraga, strategi pertandingan, olahraga pendidikan."
Pendidikan Ilmu Pengetahuan Alam,Pendidikan,"Jurusan ini mempelajari konsep sains dan metode mengajarkannya di sekolah. Mahasiswa belajar tentang biologi, fisika, kimia, serta strategi pembelajaran sains.","suka sains, suka mengajar, analitis, komunikatif, suka eksperimen, sabar, kreatif, suka penelitian","biologi, fisika, kimia, pembelajaran sains, eksperimen, pendidikan sains, metode mengajar, laboratorium pendidikan","Jurusan ini mempelajari konsep sains dan metode mengajarkannya di sekolah. Mahasiswa belajar tentang biologi, fisika, kimia, serta strategi pembelajaran sains. Jurusan ini cocok untuk kamu yang suka sains, suka mengajar, analitis, komunikatif, suka eksperimen, sabar, kreatif, suka penelitian. Topik utama yang dipelajari antara lain: biologi, fisika, kimia, pembelajaran sains, eksperimen, pendidikan sains, metode mengajar, laboratorium pendidikan."
Pendidikan Bahasa dan Sastra,Pendidikan,"Jurusan ini mempelajari bahasa, sastra, dan metode pengajaran bahasa di sekolah. Mahasiswa banyak belajar membaca, menulis, berbicara, dan menganalisis karya sastra.","suka membaca, suka menulis, komunikatif, kreatif, suka mengajar, kritis, tertarik bahasa, observatif","bahasa, sastra, linguistik, penulisan, pembelajaran bahasa, analisis sastra, komunikasi, metode mengajar","Jurusan ini mempelajari bahasa, sastra, dan metode pengajaran bahasa di sekolah. Mahasiswa banyak belajar membaca, menulis, berbicara, dan menganalisis karya sastra. Jurusan ini cocok untuk kamu yang suka membaca, suka menulis, komunikatif, kreatif, suka mengajar, kritis, tertarik bahasa, observatif. Topik utama yang dipelajari antara lain: bahasa, sastra, linguistik, penulisan, pembelajaran bahasa, analisis sastra, komunikasi, metode mengajar."
Agronomi dan Hortikultura,Pertanian,"Jurusan ini mempelajari budidaya tanaman, produksi pertanian, dan pengelolaan tanaman hortikultura. Mahasiswa banyak belajar praktik lapangan dan teknik pengembangan tanaman.","suka alam, suka tanaman, teliti, suka praktik lapangan, observatif, sabar, suka penelitian, peduli lingkungan","budidaya tanaman, hortikultura, pertanian, produksi tanaman, pemuliaan tanaman, irigasi, agronomi, pengelolaan lahan","Jurusan ini mempelajari budidaya tanaman, produksi pertanian, dan pengelolaan tanaman hortikultura. Mahasiswa banyak belajar praktik lapangan dan teknik pengembangan tanaman. Jurusan ini cocok untuk kamu yang suka alam, suka tanaman, teliti, suka praktik lapangan, observatif, sabar, suka penelitian, peduli lingkungan. Topik utama yang dipelajari antara lain: budidaya tanaman, hortikultura, pertanian, produksi tanaman, pemuliaan tanaman, irigasi, agronomi, pengelolaan lahan."
Agribisnis,Pertanian,"Jurusan ini mempelajari pengelolaan bisnis pertanian, pemasaran hasil pertanian, dan kewirausahaan di bidang agrikultur. Mahasiswa belajar menghubungkan aspek pertanian dengan dunia usaha.","tertarik bisnis, suka pertanian, komunikatif, analitis, suka kerja tim, suka kewirausahaan, adaptif, suka negosiasi","bisnis pertanian, pemasaran hasil pertanian, agrikultur, kewirausahaan, manajemen pertanian, ekonomi pertanian, rantai pasok, pengembangan usaha","Jurusan ini mempelajari pengelolaan bisnis pertanian, pemasaran hasil pertanian, dan kewirausahaan di bidang agrikultur. Mahasiswa belajar menghubungkan aspek pertanian dengan dunia usaha. Jurusan ini cocok untuk kamu yang tertarik bisnis, suka pertanian, komunikatif, analitis, suka kerja tim, suka kewirausahaan, adaptif, suka negosiasi. Topik utama yang dipelajari antara lain: bisnis pertanian, pemasaran hasil pertanian, agrikultur, kewirausahaan, manajemen pertanian, ekonomi pertanian, rantai pasok, pengembangan usaha."
Peternakan,Pertanian,"Jurusan ini mempelajari pengelolaan ternak, produksi hewan, dan teknologi peternakan. Mahasiswa belajar tentang kesehatan hewan, pakan, dan manajemen usaha peternakan.","suka hewan, suka praktik lapangan, teliti, suka alam, sabar, suka penelitian, bertanggung jawab, observatif","peternakan, kesehatan hewan, pakan ternak, produksi ternak, budidaya hewan, manajemen peternakan, reproduksi hewan, agrikultur","Jurusan ini mempelajari pengelolaan ternak, produksi hewan, dan teknologi peternakan. Mahasiswa belajar tentang kesehatan hewan, pakan, dan manajemen usaha peternakan. Jurusan ini cocok untuk kamu yang suka hewan, suka praktik lapangan, teliti, suka alam, sabar, suka penelitian, bertanggung jawab, observatif. Topik utama yang dipelajari antara lain: peternakan, kesehatan hewan, pakan ternak, produksi ternak, budidaya hewan, manajemen peternakan, reproduksi hewan, agrikultur."
Agroteknologi,Pertanian,"Jurusan ini mempelajari teknologi pertanian, pengelolaan tanaman, dan pengembangan produksi pangan. Mahasiswa belajar melalui praktik lapangan dan penelitian pertanian.","suka alam, suka teknologi pertanian, analitis, suka penelitian, observatif, teliti, suka praktik lapangan, peduli lingkungan","teknologi pertanian, budidaya tanaman, produksi pangan, agrikultur, pengelolaan lahan, pertanian modern, irigasi, tanaman pangan","Jurusan ini mempelajari teknologi pertanian, pengelolaan tanaman, dan pengembangan produksi pangan. Mahasiswa belajar melalui praktik lapangan dan penelitian pertanian. Jurusan ini cocok untuk kamu yang suka alam, suka teknologi pertanian, analitis, suka penelitian, observatif, teliti, suka praktik lapangan, peduli lingkungan. Topik utama yang dipelajari antara lain: teknologi pertanian, budidaya tanaman, produksi pangan, agrikultur, pengelolaan lahan, pertanian modern, irigasi, tanaman pangan."
Kehutanan,Pertanian,"Jurusan ini mempelajari pengelolaan hutan, konservasi alam, dan pemanfaatan sumber daya hutan secara berkelanjutan. Mahasiswa banyak melakukan praktik lapangan dan penelitian lingkungan.","suka alam, peduli lingkungan, suka kegiatan lapangan, observatif, suka penelitian, analitis, suka eksplorasi, bertanggung jawab","konservasi hutan, pengelolaan hutan, lingkungan hidup, ekologi, sumber daya alam, rehabilitasi hutan, kehutanan, pemetaan hutan","Jurusan ini mempelajari pengelolaan hutan, konservasi alam, dan pemanfaatan sumber daya hutan secara berkelanjutan. Mahasiswa banyak melakukan praktik lapangan dan penelitian lingkungan. Jurusan ini cocok untuk kamu yang suka alam, peduli lingkungan, suka kegiatan lapangan, observatif, suka penelitian, analitis, suka eksplorasi, bertanggung jawab. Topik utama yang dipelajari antara lain: konservasi hutan, pengelolaan hutan, lingkungan hidup, ekologi, sumber daya alam, rehabilitasi hutan, kehutanan, pemetaan hutan."
Teknologi Pangan,Pertanian,"Jurusan ini mempelajari pengolahan makanan, keamanan pangan, dan teknologi produksi pangan. Mahasiswa belajar di laboratorium dan memahami proses produksi makanan yang aman dan berkualitas.","suka sains, teliti, suka praktikum, kreatif, suka makanan, analitis, suka penelitian, disiplin","pengolahan pangan, keamanan pangan, teknologi makanan, nutrisi, produksi pangan, laboratorium pangan, kualitas pangan, pangan olahan","Jurusan ini mempelajari pengolahan makanan, keamanan pangan, dan teknologi produksi pangan. Mahasiswa belajar di laboratorium dan memahami proses produksi makanan yang aman dan berkualitas. Jurusan ini cocok untuk kamu yang suka sains, teliti, suka praktikum, kreatif, suka makanan, analitis, suka penelitian, disiplin. Topik utama yang dipelajari antara lain: pengolahan pangan, keamanan pangan, teknologi makanan, nutrisi, produksi pangan, laboratorium pangan, kualitas pangan, pangan olahan."
Teknologi Industri Pertanian (Agroindustri),Pertanian,"Jurusan ini mempelajari pengolahan hasil pertanian, sistem industri pertanian, dan manajemen produksi agroindustri. Mahasiswa belajar menggabungkan teknologi, pertanian, dan proses industri.","analitis, suka teknologi, suka pertanian, suka manajemen produksi, problem solving, suka praktik, terstruktur, suka pengolahan hasil","agroindustri, pengolahan hasil pertanian, manajemen produksi, teknologi industri, rantai pasok, sistem produksi, industri pangan, efisiensi produksi","Jurusan ini mempelajari pengolahan hasil pertanian, sistem industri pertanian, dan manajemen produksi agroindustri. Mahasiswa belajar menggabungkan teknologi, pertanian, dan proses industri. Jurusan ini cocok untuk kamu yang analitis, suka teknologi, suka pertanian, suka manajemen produksi, problem solving, suka praktik, terstruktur, suka pengolahan hasil. Topik utama yang dipelajari antara lain: agroindustri, pengolahan hasil pertanian, manajemen produksi, teknologi industri, rantai pasok, sistem produksi, industri pangan, efisiensi produksi."
Ilmu Tanah,Pertanian,"Jurusan ini mempelajari sifat tanah, kesuburan tanah, dan pengelolaan lahan untuk pertanian dan lingkungan. Mahasiswa banyak melakukan penelitian dan praktik lapangan.","suka alam, suka penelitian, observatif, teliti, analitis, suka praktik lapangan, peduli lingkungan, suka sains","kesuburan tanah, pengelolaan lahan, tanah pertanian, konservasi tanah, analisis tanah, lingkungan, agrikultur, pemetaan tanah","Jurusan ini mempelajari sifat tanah, kesuburan tanah, dan pengelolaan lahan untuk pertanian dan lingkungan. Mahasiswa banyak melakukan penelitian dan praktik lapangan. Jurusan ini cocok untuk kamu yang suka alam, suka penelitian, observatif, teliti, analitis, suka praktik lapangan, peduli lingkungan, suka sains. Topik utama yang dipelajari antara lain: kesuburan tanah, pengelolaan lahan, tanah pertanian, konservasi tanah, analisis tanah, lingkungan, agrikultur, pemetaan tanah."
Rekayasa Pertanian,Pertanian,"Jurusan ini mempelajari penerapan teknologi dan teknik dalam sistem pertanian. Mahasiswa belajar tentang alat pertanian, irigasi, dan pengelolaan sistem produksi pertanian modern.","suka teknologi, suka pertanian, analitis, suka mesin, problem solving, suka praktik, teliti, suka inovasi","alat pertanian, irigasi, mesin pertanian, teknologi pertanian, sistem produksi, mekanisasi pertanian, rekayasa pertanian, pertanian modern","Jurusan ini mempelajari penerapan teknologi dan teknik dalam sistem pertanian. Mahasiswa belajar tentang alat pertanian, irigasi, dan pengelolaan sistem produksi pertanian modern. Jurusan ini cocok untuk kamu yang suka teknologi, suka pertanian, analitis, suka mesin, problem solving, suka praktik, teliti, suka inovasi. Topik utama yang dipelajari antara lain: alat pertanian, irigasi, mesin pertanian, teknologi pertanian, sistem produksi, mekanisasi pertanian, rekayasa pertanian, pertanian modern."
Manajemen Hutan,Pertanian,"Jurusan ini mempelajari pengelolaan sumber daya hutan, konservasi, dan perencanaan kawasan hutan. Mahasiswa belajar menjaga keseimbangan antara pemanfaatan dan pelestarian hutan.","peduli lingkungan, suka alam, analitis, suka kegiatan lapangan, observatif, suka penelitian, bertanggung jawab, suka eksplorasi","pengelolaan hutan, konservasi alam, sumber daya hutan, ekologi, rehabilitasi hutan, lingkungan hidup, perencanaan hutan, kehutanan","Jurusan ini mempelajari pengelolaan sumber daya hutan, konservasi, dan perencanaan kawasan hutan. Mahasiswa belajar menjaga keseimbangan antara pemanfaatan dan pelestarian hutan. Jurusan ini cocok untuk kamu yang peduli lingkungan, suka alam, analitis, suka kegiatan lapangan, observatif, suka penelitian, bertanggung jawab, suka eksplorasi. Topik utama yang dipelajari antara lain: pengelolaan hutan, konservasi alam, sumber daya hutan, ekologi, rehabilitasi hutan, lingkungan hidup, perencanaan hutan, kehutanan."
Pariwisata,Profesi dan Ilmu Terapan,"Jurusan ini mempelajari pengelolaan destinasi wisata, pelayanan wisata, dan industri pariwisata. Mahasiswa belajar komunikasi, manajemen, dan pengembangan sektor wisata.","komunikatif, suka traveling, ramah, suka budaya, adaptif, suka pelayanan, kreatif, suka bertemu orang baru","destinasi wisata, industri pariwisata, pelayanan wisata, manajemen wisata, budaya lokal, perjalanan wisata, hospitality, pengembangan wisata","Jurusan ini mempelajari pengelolaan destinasi wisata, pelayanan wisata, dan industri pariwisata. Mahasiswa belajar komunikasi, manajemen, dan pengembangan sektor wisata. Jurusan ini cocok untuk kamu yang komunikatif, suka traveling, ramah, suka budaya, adaptif, suka pelayanan, kreatif, suka bertemu orang baru. Topik utama yang dipelajari antara lain: destinasi wisata, industri pariwisata, pelayanan wisata, manajemen wisata, budaya lokal, perjalanan wisata, hospitality, pengembangan wisata."
Pendidikan Kepolisian,Profesi dan Ilmu Terapan,"Jurusan ini mempelajari penegakan hukum, keamanan masyarakat, dan kedisiplinan dalam kepolisian. Mahasiswa dilatih secara akademik, fisik, dan mental untuk pelayanan keamanan publik.","disiplin, tegas, suka membantu masyarakat, suka tantangan, bertanggung jawab, komunikatif, suka aktivitas lapangan, percaya diri","kepolisian, penegakan hukum, keamanan masyarakat, investigasi, kedisiplinan, pelayanan publik, hukum pidana, keamanan nasional","Jurusan ini mempelajari penegakan hukum, keamanan masyarakat, dan kedisiplinan dalam kepolisian. Mahasiswa dilatih secara akademik, fisik, dan mental untuk pelayanan keamanan publik. Jurusan ini cocok untuk kamu yang disiplin, tegas, suka membantu masyarakat, suka tantangan, bertanggung jawab, komunikatif, suka aktivitas lapangan, percaya diri. Topik utama yang dipelajari antara lain: kepolisian, penegakan hukum, keamanan masyarakat, investigasi, kedisiplinan, pelayanan publik, hukum pidana, keamanan nasional."
Penerbangan,Profesi dan Ilmu Terapan,"Jurusan ini mempelajari teknologi penerbangan, keselamatan penerbangan, dan operasional transportasi udara. Mahasiswa belajar tentang sistem pesawat, navigasi, dan manajemen penerbangan.","suka teknologi, disiplin, teliti, suka tantangan, suka transportasi, analitis, bertanggung jawab, suka sistem kerja","transportasi udara, navigasi penerbangan, keselamatan penerbangan, pesawat udara, operasional penerbangan, aviasi, kontrol penerbangan, teknologi penerbangan","Jurusan ini mempelajari teknologi penerbangan, keselamatan penerbangan, dan operasional transportasi udara. Mahasiswa belajar tentang sistem pesawat, navigasi, dan manajemen penerbangan. Jurusan ini cocok untuk kamu yang suka teknologi, disiplin, teliti, suka tantangan, suka transportasi, analitis, bertanggung jawab, suka sistem kerja. Topik utama yang dipelajari antara lain: transportasi udara, navigasi penerbangan, keselamatan penerbangan, pesawat udara, operasional penerbangan, aviasi, kontrol penerbangan, teknologi penerbangan."
Pendidikan Intelijen,Profesi dan Ilmu Terapan,"Jurusan ini mempelajari analisis informasi, keamanan negara, investigasi, dan strategi intelijen. Mahasiswa dilatih untuk berpikir kritis, observatif, dan mampu menganalisis situasi secara mendalam.","analitis, observatif, suka investigasi, disiplin, suka tantangan, kritis, teliti, suka analisis data","intelijen, keamanan negara, investigasi, analisis informasi, strategi keamanan, pengumpulan data, keamanan nasional, deteksi ancaman","Jurusan ini mempelajari analisis informasi, keamanan negara, investigasi, dan strategi intelijen. Mahasiswa dilatih untuk berpikir kritis, observatif, dan mampu menganalisis situasi secara mendalam. Jurusan ini cocok untuk kamu yang analitis, observatif, suka investigasi, disiplin, suka tantangan, kritis, teliti, suka analisis data. Topik utama yang dipelajari antara lain: intelijen, keamanan negara, investigasi, analisis informasi, strategi keamanan, pengumpulan data, keamanan nasional, deteksi ancaman."
Manajemen Logistik,Profesi dan Ilmu Terapan,"Jurusan ini mempelajari pengelolaan distribusi barang dan sistem logistik dalam bisnis maupun industri. Mahasiswa belajar perencanaan, efisiensi distribusi, dan pengelolaan operasional.","terstruktur, analitis, suka perencanaan, suka manajemen operasional, teliti, problem solving, suka sistem kerja, disiplin","distribusi barang, manajemen logistik, pergudangan, transportasi, operasional bisnis, pengiriman barang, supply chain","Jurusan ini mempelajari pengelolaan distribusi barang dan sistem logistik dalam bisnis maupun industri. Mahasiswa belajar perencanaan, efisiensi distribusi, dan pengelolaan operasional. Jurusan ini cocok untuk kamu yang terstruktur, analitis, suka perencanaan, suka manajemen operasional, teliti, problem solving, suka sistem kerja, disiplin. Topik utama yang dipelajari antara lain: distribusi barang, manajemen logistik, pergudangan, transportasi, operasional bisnis, pengiriman barang, supply chain."
Matematika,Matematika dan Ilmu Pengetahuan Alam,"Jurusan ini mempelajari konsep matematika, logika, dan pemecahan masalah melalui perhitungan dan analisis. Mahasiswa dilatih berpikir sistematis dan analitis dalam berbagai persoalan.","analitis, suka angka, logis, teliti, suka pemecahan masalah, suka berpikir sistematis","kalkulus, aljabar, statistika, analisis matematika, probabilitas, pemodelan matematika","Jurusan ini mempelajari konsep matematika, logika, dan pemecahan masalah melalui perhitungan dan analisis. Mahasiswa dilatih berpikir sistematis dan analitis dalam berbagai persoalan. Jurusan ini cocok untuk kamu yang analitis, suka angka, logis, teliti, suka pemecahan masalah, suka berpikir sistematis. Topik utama yang dipelajari antara lain: kalkulus, aljabar, statistika, analisis matematika, probabilitas, pemodelan matematika."
Fisika ,Matematika dan Ilmu Pengetahuan Alam,"Jurusan ini mempelajari fenomena alam, energi, gerak, dan teknologi berbasis prinsip fisika. Mahasiswa banyak melakukan eksperimen dan analisis ilmiah.","analitis, suka sains, logis, suka eksperimen, teliti, suka penelitian","mekanika, listrik, gelombang, termodinamika, fisika modern, laboratorium fisika","Jurusan ini mempelajari fenomena alam, energi, gerak, dan teknologi berbasis prinsip fisika. Mahasiswa banyak melakukan eksperimen dan analisis ilmiah. Jurusan ini cocok untuk kamu yang analitis, suka sains, logis, suka eksperimen, teliti, suka penelitian. Topik utama yang dipelajari antara lain: mekanika, listrik, gelombang, termodinamika, fisika modern, laboratorium fisika."
Kimia,Matematika dan Ilmu Pengetahuan Alam,"Jurusan ini mempelajari struktur, sifat, dan reaksi zat dalam berbagai proses kimia. Mahasiswa belajar melalui praktikum laboratorium dan penelitian.","suka sains, teliti, analitis, suka praktikum, suka eksperimen, disiplin","kimia organik, kimia anorganik, laboratorium kimia, reaksi kimia, analisis kimia, biokimia","Jurusan ini mempelajari struktur, sifat, dan reaksi zat dalam berbagai proses kimia. Mahasiswa belajar melalui praktikum laboratorium dan penelitian. Jurusan ini cocok untuk kamu yang suka sains, teliti, analitis, suka praktikum, suka eksperimen, disiplin. Topik utama yang dipelajari antara lain: kimia organik, kimia anorganik, laboratorium kimia, reaksi kimia, analisis kimia, biokimia."
Biologi,Matematika dan Ilmu Pengetahuan Alam,"Jurusan ini mempelajari makhluk hidup, lingkungan, dan proses kehidupan secara ilmiah. Mahasiswa banyak melakukan observasi dan penelitian.","suka alam, suka sains, observatif, teliti, suka penelitian, suka laboratorium","genetika, ekologi, mikrobiologi, biologi sel, anatomi, bioteknologi","Jurusan ini mempelajari makhluk hidup, lingkungan, dan proses kehidupan secara ilmiah. Mahasiswa banyak melakukan observasi dan penelitian. Jurusan ini cocok untuk kamu yang suka alam, suka sains, observatif, teliti, suka penelitian, suka laboratorium. Topik utama yang dipelajari antara lain: genetika, ekologi, mikrobiologi, biologi sel, anatomi, bioteknologi."
Aktuaria,Matematika dan Ilmu Pengetahuan Alam,"Jurusan ini mempelajari analisis risiko, probabilitas, dan pengelolaan keuangan menggunakan matematika dan statistik. Mahasiswa dilatih menganalisis data dan risiko.","suka angka, analitis, logis, teliti, suka analisis data, terstruktur","probabilitas, statistik, analisis risiko, matematika keuangan, asuransi, aktuaria","Jurusan ini mempelajari analisis risiko, probabilitas, dan pengelolaan keuangan menggunakan matematika dan statistik. Mahasiswa dilatih menganalisis data dan risiko. Jurusan ini cocok untuk kamu yang suka angka, analitis, logis, teliti, suka analisis data, terstruktur. Topik utama yang dipelajari antara lain: probabilitas, statistik, analisis risiko, matematika keuangan, asuransi, aktuaria."
Mikrobiologi,Matematika dan Ilmu Pengetahuan Alam,"Jurusan ini mempelajari mikroorganisme seperti bakteri, virus, dan jamur serta perannya dalam kesehatan dan lingkungan. Mahasiswa banyak melakukan praktikum laboratorium.","suka sains, teliti, suka laboratorium, observatif, analitis, suka penelitian","mikroorganisme, bakteri, virus, laboratorium mikrobiologi, bioteknologi, imunologi","Jurusan ini mempelajari mikroorganisme seperti bakteri, virus, dan jamur serta perannya dalam kesehatan dan lingkungan. Mahasiswa banyak melakukan praktikum laboratorium. Jurusan ini cocok untuk kamu yang suka sains, teliti, suka laboratorium, observatif, analitis, suka penelitian. Topik utama yang dipelajari antara lain: mikroorganisme, bakteri, virus, laboratorium mikrobiologi, bioteknologi, imunologi."
Desain Interior,Seni,"Jurusan ini mempelajari perancangan ruang yang nyaman, estetis, dan fungsional. Mahasiswa belajar membuat konsep desain dan visualisasi ruang.","kreatif, suka desain, imajinatif, teliti, suka menggambar, suka estetika","desain ruang, interior, tata ruang, visualisasi desain, furnitur, estetika","Jurusan ini mempelajari perancangan ruang yang nyaman, estetis, dan fungsional. Mahasiswa belajar membuat konsep desain dan visualisasi ruang. Jurusan ini cocok untuk kamu yang kreatif, suka desain, imajinatif, teliti, suka menggambar, suka estetika. Topik utama yang dipelajari antara lain: desain ruang, interior, tata ruang, visualisasi desain, furnitur, estetika."
Desain Produk,Seni,"Jurusan ini mempelajari proses merancang produk yang fungsional dan menarik. Mahasiswa belajar desain, kreativitas, dan pengembangan produk.","kreatif, inovatif, suka desain, suka problem solving, imajinatif, observatif","desain produk, pengembangan produk, sketsa desain, material produk, desain industri, kreativitas","Jurusan ini mempelajari proses merancang produk yang fungsional dan menarik. Mahasiswa belajar desain, kreativitas, dan pengembangan produk. Jurusan ini cocok untuk kamu yang kreatif, inovatif, suka desain, suka problem solving, imajinatif, observatif. Topik utama yang dipelajari antara lain: desain produk, pengembangan produk, sketsa desain, material produk, desain industri, kreativitas."
Furniture Design,Seni,"Jurusan ini mempelajari desain dan pembuatan furnitur yang estetis dan fungsional. Mahasiswa belajar tentang bentuk, material, dan ergonomi.","kreatif, suka desain, teliti, suka kerajinan, imajinatif, suka estetika","furnitur, desain mebel, ergonomi, material kayu, desain interior, produk furnitur","Jurusan ini mempelajari desain dan pembuatan furnitur yang estetis dan fungsional. Mahasiswa belajar tentang bentuk, material, dan ergonomi. Jurusan ini cocok untuk kamu yang kreatif, suka desain, teliti, suka kerajinan, imajinatif, suka estetika. Topik utama yang dipelajari antara lain: furnitur, desain mebel, ergonomi, material kayu, desain interior, produk furnitur."
Tata Boga,Seni,"Jurusan ini mempelajari pengolahan makanan, teknik memasak, dan penyajian kuliner. Mahasiswa banyak praktik memasak dan pengembangan menu.","kreatif, suka memasak, teliti, suka praktik, disiplin, suka kuliner","kuliner, pengolahan makanan, teknik memasak, pastry, tata hidang, manajemen dapur","Jurusan ini mempelajari pengolahan makanan, teknik memasak, dan penyajian kuliner. Mahasiswa banyak praktik memasak dan pengembangan menu. Jurusan ini cocok untuk kamu yang kreatif, suka memasak, teliti, suka praktik, disiplin, suka kuliner. Topik utama yang dipelajari antara lain: kuliner, pengolahan makanan, teknik memasak, pastry, tata hidang, manajemen dapur."
Desain Grafis,Seni,"Jurusan ini mempelajari komunikasi visual melalui gambar, ilustrasi, dan media digital. Mahasiswa belajar membuat desain kreatif untuk berbagai media.","kreatif, suka desain, imajinatif, suka teknologi, observatif, suka visual","ilustrasi digital, tipografi, desain visual, komunikasi visual, perangkat lunak desain, branding","Jurusan ini mempelajari komunikasi visual melalui gambar, ilustrasi, dan media digital. Mahasiswa belajar membuat desain kreatif untuk berbagai media. Jurusan ini cocok untuk kamu yang kreatif, suka desain, imajinatif, suka teknologi, observatif, suka visual. Topik utama yang dipelajari antara lain: ilustrasi digital, tipografi, desain visual, komunikasi visual, perangkat lunak desain, branding."
Animasi,Seni,"Jurusan ini mempelajari pembuatan gambar bergerak, karakter, dan visual digital untuk media hiburan. Mahasiswa belajar desain karakter dan produksi animasi.","kreatif, imajinatif, suka menggambar, suka teknologi, suka visual, teliti","animasi digital, desain karakter, storyboard, visual efek, animasi tiga dimensi, ilustrasi","Jurusan ini mempelajari pembuatan gambar bergerak, karakter, dan visual digital untuk media hiburan. Mahasiswa belajar desain karakter dan produksi animasi. Jurusan ini cocok untuk kamu yang kreatif, imajinatif, suka menggambar, suka teknologi, suka visual, teliti. Topik utama yang dipelajari antara lain: animasi digital, desain karakter, storyboard, visual efek, animasi tiga dimensi, ilustrasi."
Desain Komunikasi Visual (DKV),Seni,"Jurusan ini mempelajari penyampaian pesan melalui media visual yang kreatif dan komunikatif. Mahasiswa belajar desain, ilustrasi, dan branding.","kreatif, komunikatif, suka desain, imajinatif, observatif, suka media visual","branding, ilustrasi, tipografi, desain visual, media digital, komunikasi visual","Jurusan ini mempelajari penyampaian pesan melalui media visual yang kreatif dan komunikatif. Mahasiswa belajar desain, ilustrasi, dan branding. Jurusan ini cocok untuk kamu yang kreatif, komunikatif, suka desain, imajinatif, observatif, suka media visual. Topik utama yang dipelajari antara lain: branding, ilustrasi, tipografi, desain visual, media digital, komunikasi visual."
Film dan Televisi,Seni,"Jurusan ini mempelajari produksi film, penyiaran, dan media audiovisual. Mahasiswa belajar proses produksi dari penulisan hingga editing.","kreatif, komunikatif, suka media, suka kerja tim, imajinatif, observatif","film, penyiaran, editing video, produksi media, sinematografi, penulisan naskah","Jurusan ini mempelajari produksi film, penyiaran, dan media audiovisual. Mahasiswa belajar proses produksi dari penulisan hingga editing. Jurusan ini cocok untuk kamu yang kreatif, komunikatif, suka media, suka kerja tim, imajinatif, observatif. Topik utama yang dipelajari antara lain: film, penyiaran, editing video, produksi media, sinematografi, penulisan naskah."
Fotografi,Seni,"Jurusan ini mempelajari teknik pengambilan gambar dan komunikasi visual melalui fotografi. Mahasiswa belajar komposisi, pencahayaan, dan editing foto.","kreatif, observatif, suka visual, teliti, suka teknologi, imajinatif","fotografi, pencahayaan, kamera digital, editing foto, komposisi visual, fotografi studio","Jurusan ini mempelajari teknik pengambilan gambar dan komunikasi visual melalui fotografi. Mahasiswa belajar komposisi, pencahayaan, dan editing foto. Jurusan ini cocok untuk kamu yang kreatif, observatif, suka visual, teliti, suka teknologi, imajinatif. Topik utama yang dipelajari antara lain: fotografi, pencahayaan, kamera digital, editing foto, komposisi visual, fotografi studio."
Seni Musik,Seni,"Jurusan ini mempelajari teori musik, praktik bermusik, dan pertunjukan musik. Mahasiswa belajar teknik bermain musik dan produksi karya musik.","kreatif, suka musik, ekspresif, disiplin, suka tampil, imajinatif","komposisi musik, teori musik, alat musik, pertunjukan musik, produksi musik, aransemen","Jurusan ini mempelajari teori musik, praktik bermusik, dan pertunjukan musik. Mahasiswa belajar teknik bermain musik dan produksi karya musik. Jurusan ini cocok untuk kamu yang kreatif, suka musik, ekspresif, disiplin, suka tampil, imajinatif. Topik utama yang dipelajari antara lain: komposisi musik, teori musik, alat musik, pertunjukan musik, produksi musik, aransemen."
Seni Rupa,Seni,"Jurusan ini mempelajari seni visual seperti lukisan, patung, dan karya artistik lainnya. Mahasiswa belajar mengekspresikan ide melalui karya seni.","kreatif, imajinatif, suka menggambar, ekspresif, observatif, suka seni","lukisan, seni visual, patung, ilustrasi, pameran seni, karya artistik","Jurusan ini mempelajari seni visual seperti lukisan, patung, dan karya artistik lainnya. Mahasiswa belajar mengekspresikan ide melalui karya seni. Jurusan ini cocok untuk kamu yang kreatif, imajinatif, suka menggambar, ekspresif, observatif, suka seni. Topik utama yang dipelajari antara lain: lukisan, seni visual, patung, ilustrasi, pameran seni, karya artistik."
Seni Tari,Seni,"Jurusan ini mempelajari gerak tari, koreografi, dan pertunjukan seni tari. Mahasiswa belajar teknik tari dan ekspresi artistik.","suka menari, ekspresif, disiplin, kreatif, percaya diri, suka pertunjukan","koreografi, tari tradisional, tari modern, pertunjukan tari, seni pertunjukan, gerak tari","Jurusan ini mempelajari gerak tari, koreografi, dan pertunjukan seni tari. Mahasiswa belajar teknik tari dan ekspresi artistik. Jurusan ini cocok untuk kamu yang suka menari, ekspresif, disiplin, kreatif, percaya diri, suka pertunjukan. Topik utama yang dipelajari antara lain: koreografi, tari tradisional, tari modern, pertunjukan tari, seni pertunjukan, gerak tari."
Tata Busana,Seni,"Jurusan ini mempelajari desain pakaian, pola busana, dan industri fashion. Mahasiswa belajar membuat desain dan produksi pakaian.","kreatif, suka fashion, teliti, imajinatif, suka desain, suka kerajinan","fashion, desain busana, pola pakaian, tekstil, jahit busana, industri fashion","Jurusan ini mempelajari desain pakaian, pola busana, dan industri fashion. Mahasiswa belajar membuat desain dan produksi pakaian. Jurusan ini cocok untuk kamu yang kreatif, suka fashion, teliti, imajinatif, suka desain, suka kerajinan. Topik utama yang dipelajari antara lain: fashion, desain busana, pola pakaian, tekstil, jahit busana, industri fashion."
Teknik Pertambangan,Teknik,"Jurusan ini mempelajari eksplorasi, pengelolaan, dan pengolahan sumber daya tambang. Mahasiswa belajar teknik pertambangan, keselamatan kerja, dan kegiatan lapangan di area tambang.","analitis, suka teknologi, suka kegiatan lapangan, logis, suka problem solving, teliti, suka eksplorasi, disiplin","pertambangan, eksplorasi mineral, geoteknik, keselamatan tambang, pengolahan mineral, tambang bawah tanah, tambang terbuka, sumber daya alam","Jurusan ini mempelajari eksplorasi, pengelolaan, dan pengolahan sumber daya tambang. Mahasiswa belajar teknik pertambangan, keselamatan kerja, dan kegiatan lapangan di area tambang. Jurusan ini cocok untuk kamu yang analitis, suka teknologi, suka kegiatan lapangan, logis, suka problem solving, teliti, suka eksplorasi, disiplin. Topik utama yang dipelajari antara lain: pertambangan, eksplorasi mineral, geoteknik, keselamatan tambang, pengolahan mineral, tambang bawah tanah, tambang terbuka, sumber daya alam."
Teknik Kelautan,Teknik,"Jurusan ini mempelajari teknologi dan konstruksi di wilayah laut serta pengelolaan sumber daya kelautan. Mahasiswa belajar tentang struktur pantai, lingkungan laut, dan rekayasa kelautan.","suka teknologi, suka laut, analitis, suka kegiatan lapangan, observatif, suka penelitian, logis, problem solving","rekayasa kelautan, struktur pantai, oseanografi, pelabuhan, lingkungan laut, konstruksi laut, gelombang laut, teknik pantai","Jurusan ini mempelajari teknologi dan konstruksi di wilayah laut serta pengelolaan sumber daya kelautan. Mahasiswa belajar tentang struktur pantai, lingkungan laut, dan rekayasa kelautan. Jurusan ini cocok untuk kamu yang suka teknologi, suka laut, analitis, suka kegiatan lapangan, observatif, suka penelitian, logis, problem solving. Topik utama yang dipelajari antara lain: rekayasa kelautan, struktur pantai, oseanografi, pelabuhan, lingkungan laut, konstruksi laut, gelombang laut, teknik pantai."
Teknik Perencanaan Wilayah dan Kota (Planologi),Teknik,"Jurusan ini mempelajari perencanaan tata kota, transportasi, dan pembangunan wilayah. Mahasiswa belajar membuat rancangan kota yang teratur, nyaman, dan berkelanjutan.","analitis, kreatif, suka perencanaan, peduli lingkungan, suka analisis data, komunikatif, observatif, problem solving","tata kota, transportasi, pembangunan wilayah, perencanaan kota, tata ruang, sistem perkotaan, lingkungan perkotaan, pemetaan wilayah","Jurusan ini mempelajari perencanaan tata kota, transportasi, dan pembangunan wilayah. Mahasiswa belajar membuat rancangan kota yang teratur, nyaman, dan berkelanjutan. Jurusan ini cocok untuk kamu yang analitis, kreatif, suka perencanaan, peduli lingkungan, suka analisis data, komunikatif, observatif, problem solving. Topik utama yang dipelajari antara lain: tata kota, transportasi, pembangunan wilayah, perencanaan kota, tata ruang, sistem perkotaan, lingkungan perkotaan, pemetaan wilayah."
Teknik Lingkungan,Teknik,"Jurusan ini mempelajari pengelolaan lingkungan, pengolahan limbah, dan pengendalian pencemaran. Mahasiswa belajar mencari solusi terhadap masalah lingkungan dan kesehatan masyarakat.","peduli lingkungan, analitis, suka sains, suka penelitian, observatif, problem solving, suka kegiatan lapangan, teliti","pengolahan limbah, pencemaran lingkungan, udara, bising, sanitasi, kesehatan lingkungan, kualitas air, kualitas udara, pengelolaan lingkungan, rekayasa lingkungan","Jurusan ini mempelajari pengelolaan lingkungan, pengolahan limbah, dan pengendalian pencemaran. Mahasiswa belajar mencari solusi terhadap masalah lingkungan dan kesehatan masyarakat. Jurusan ini cocok untuk kamu yang peduli lingkungan, analitis, suka sains, suka penelitian, observatif, problem solving, suka kegiatan lapangan, teliti. Topik utama yang dipelajari antara lain: pengolahan limbah, pencemaran lingkungan, udara, bising, sanitasi, kesehatan lingkungan, kualitas air, kualitas udara, pengelolaan lingkungan, rekayasa lingkungan."
Teknik Metalurgi ,Teknik,Jurusan ini mempelajari pengolahan logam dan material untuk kebutuhan industri. Mahasiswa belajar karakteristik material dan proses produksi logam.,"analitis, suka teknologi, suka eksperimen, teliti, logis, suka penelitian, suka praktikum, problem solving","metalurgi, material logam, pengolahan logam, material industri, korosi, ekstraksi logam, rekayasa material, manufaktur","Jurusan ini mempelajari pengolahan logam dan material untuk kebutuhan industri. Mahasiswa belajar karakteristik material dan proses produksi logam. Jurusan ini cocok untuk kamu yang analitis, suka teknologi, suka eksperimen, teliti, logis, suka penelitian, suka praktikum, problem solving. Topik utama yang dipelajari antara lain: metalurgi, material logam, pengolahan logam, material industri, korosi, ekstraksi logam, rekayasa material, manufaktur."
Teknik Sipil,Teknik,"Jurusan ini mempelajari perencanaan dan pembangunan infrastruktur seperti jalan, jembatan, dan gedung. Mahasiswa belajar desain struktur dan konstruksi.","analitis, suka teknologi, logis, suka konstruksi, teliti, problem solving, suka perhitungan, disiplin","konstruksi bangunan, struktur beton, teknik jalan, jembatan, manajemen proyek, hidrologi, gambar teknik, rekayasa sipil","Jurusan ini mempelajari perencanaan dan pembangunan infrastruktur seperti jalan, jembatan, dan gedung. Mahasiswa belajar desain struktur dan konstruksi. Jurusan ini cocok untuk kamu yang analitis, suka teknologi, logis, suka konstruksi, teliti, problem solving, suka perhitungan, disiplin. Topik utama yang dipelajari antara lain: konstruksi bangunan, struktur beton, teknik jalan, jembatan, manajemen proyek, hidrologi, gambar teknik, rekayasa sipil."
Arsitektur,Teknik,"Jurusan ini mempelajari perancangan bangunan yang estetis, aman, dan fungsional. Mahasiswa belajar desain bangunan, tata ruang, dan visualisasi arsitektur.","kreatif, suka desain, imajinatif, teliti, suka menggambar, observatif, suka estetika, problem solving","desain bangunan, tata ruang, arsitektur, gambar teknik, visualisasi desain, konstruksi bangunan, desain interior, urban design","Jurusan ini mempelajari perancangan bangunan yang estetis, aman, dan fungsional. Mahasiswa belajar desain bangunan, tata ruang, dan visualisasi arsitektur. Jurusan ini cocok untuk kamu yang kreatif, suka desain, imajinatif, teliti, suka menggambar, observatif, suka estetika, problem solving. Topik utama yang dipelajari antara lain: desain bangunan, tata ruang, arsitektur, gambar teknik, visualisasi desain, konstruksi bangunan, desain interior, urban design."
Teknik Geodesi,Teknik,"Jurusan ini mempelajari pemetaan, pengukuran bumi, dan teknologi geospasial. Mahasiswa belajar survei lapangan dan pengolahan data spasial.","teliti, suka teknologi, analitis, suka pemetaan, suka kegiatan lapangan, logis, observatif, suka analisis data","pemetaan, survei tanah, sistem informasi geografis, geospasial, penginderaan jauh, geodesi, pemetaan digital, data spasial","Jurusan ini mempelajari pemetaan, pengukuran bumi, dan teknologi geospasial. Mahasiswa belajar survei lapangan dan pengolahan data spasial. Jurusan ini cocok untuk kamu yang teliti, suka teknologi, analitis, suka pemetaan, suka kegiatan lapangan, logis, observatif, suka analisis data. Topik utama yang dipelajari antara lain: pemetaan, survei tanah, sistem informasi geografis, geospasial, penginderaan jauh, geodesi, pemetaan digital, data spasial."
Teknik Elektro,Teknik,"Jurusan ini mempelajari listrik, elektronika, dan sistem tenaga. Mahasiswa belajar merancang dan mengembangkan teknologi elektronik.","analitis, suka teknologi, logis, suka eksperimen, teliti, suka pemrograman, problem solving, suka elektronika","elektronika, sistem tenaga listrik, rangkaian listrik, instrumentasi, robotika, telekomunikasi, sistem kontrol, energi listrik","Jurusan ini mempelajari listrik, elektronika, dan sistem tenaga. Mahasiswa belajar merancang dan mengembangkan teknologi elektronik. Jurusan ini cocok untuk kamu yang analitis, suka teknologi, logis, suka eksperimen, teliti, suka pemrograman, problem solving, suka elektronika. Topik utama yang dipelajari antara lain: elektronika, sistem tenaga listrik, rangkaian listrik, instrumentasi, robotika, telekomunikasi, sistem kontrol, energi listrik."
Teknik Mesin,Teknik,"Jurusan ini mempelajari mesin, energi, dan sistem mekanik dalam industri. Mahasiswa belajar desain mesin dan proses manufaktur.","suka mesin, analitis, suka teknologi, logis, suka praktik, problem solving, teliti, suka eksperimen","mesin industri, manufaktur, energi, desain mesin, termodinamika, sistem mekanik, teknik produksi, material teknik","Jurusan ini mempelajari mesin, energi, dan sistem mekanik dalam industri. Mahasiswa belajar desain mesin dan proses manufaktur. Jurusan ini cocok untuk kamu yang suka mesin, analitis, suka teknologi, logis, suka praktik, problem solving, teliti, suka eksperimen. Topik utama yang dipelajari antara lain: mesin industri, manufaktur, energi, desain mesin, termodinamika, sistem mekanik, teknik produksi, material teknik."
Teknik Industri,Teknik,"Jurusan ini mempelajari efisiensi sistem kerja, produksi, dan manajemen industri. Mahasiswa belajar analisis sistem dan optimasi proses kerja.","analitis, suka sistem kerja, problem solving, suka manajemen, teliti, komunikatif, suka analisis data, terstruktur","manajemen industri, optimasi produksi, ergonomi, rantai pasok, sistem manufaktur, analisis sistem, kualitas produksi, efisiensi kerja","Jurusan ini mempelajari efisiensi sistem kerja, produksi, dan manajemen industri. Mahasiswa belajar analisis sistem dan optimasi proses kerja. Jurusan ini cocok untuk kamu yang analitis, suka sistem kerja, problem solving, suka manajemen, teliti, komunikatif, suka analisis data, terstruktur. Topik utama yang dipelajari antara lain: manajemen industri, optimasi produksi, ergonomi, rantai pasok, sistem manufaktur, analisis sistem, kualitas produksi, efisiensi kerja."
Teknik Kimia,Teknik,Jurusan ini mempelajari proses kimia dalam industri dan pengolahan bahan. Mahasiswa belajar desain proses produksi dan teknologi industri.,"suka kimia, analitis, suka teknologi, teliti, suka praktikum, problem solving, logis, suka penelitian","proses kimia, reaktor kimia, teknologi industri, pengolahan bahan, termodinamika, perpindahan massa, industri kimia, rekayasa proses","Jurusan ini mempelajari proses kimia dalam industri dan pengolahan bahan. Mahasiswa belajar desain proses produksi dan teknologi industri. Jurusan ini cocok untuk kamu yang suka kimia, analitis, suka teknologi, teliti, suka praktikum, problem solving, logis, suka penelitian. Topik utama yang dipelajari antara lain: proses kimia, reaktor kimia, teknologi industri, pengolahan bahan, termodinamika, perpindahan massa, industri kimia, rekayasa proses."
Teknik Fisika,Teknik,Jurusan ini mempelajari penerapan prinsip fisika dalam teknologi dan industri. Mahasiswa belajar instrumentasi dan sistem teknologi modern.,"analitis, suka fisika, logis, suka teknologi, suka eksperimen, problem solving, teliti, suka penelitian","instrumentasi, sistem kontrol, fisika industri, sensor, otomasi industri, energi, elektronika, rekayasa teknologi","Jurusan ini mempelajari penerapan prinsip fisika dalam teknologi dan industri. Mahasiswa belajar instrumentasi dan sistem teknologi modern. Jurusan ini cocok untuk kamu yang analitis, suka fisika, logis, suka teknologi, suka eksperimen, problem solving, teliti, suka penelitian. Topik utama yang dipelajari antara lain: instrumentasi, sistem kontrol, fisika industri, sensor, otomasi industri, energi, elektronika, rekayasa teknologi."
Teknik Sistem Perkapalan,Teknik,Jurusan ini mempelajari sistem mekanik dan kelistrikan pada kapal. Mahasiswa belajar teknologi operasional kapal dan sistem maritim modern.,"suka teknologi, analitis, logis, suka mesin, suka kelautan, problem solving, teliti, suka praktik","sistem kapal, mesin kapal, kelistrikan kapal, teknologi maritim, operasional kapal, perkapalan, sistem mekanik, teknik kelautan","Jurusan ini mempelajari sistem mekanik dan kelistrikan pada kapal. Mahasiswa belajar teknologi operasional kapal dan sistem maritim modern. Jurusan ini cocok untuk kamu yang suka teknologi, analitis, logis, suka mesin, suka kelautan, problem solving, teliti, suka praktik. Topik utama yang dipelajari antara lain: sistem kapal, mesin kapal, kelistrikan kapal, teknologi maritim, operasional kapal, perkapalan, sistem mekanik, teknik kelautan."
Teknik Pengairan,Teknik,Jurusan ini mempelajari pengelolaan sumber daya air dan sistem irigasi. Mahasiswa belajar perencanaan jaringan air dan pengendalian banjir.,"analitis, suka lingkungan, suka perhitungan, teliti, suka kegiatan lapangan, problem solving, suka teknologi, observatif","irigasi, hidrologi, sumber daya air, pengendalian banjir, jaringan air, bendungan, drainase, teknik pengairan","Jurusan ini mempelajari pengelolaan sumber daya air dan sistem irigasi. Mahasiswa belajar perencanaan jaringan air dan pengendalian banjir. Jurusan ini cocok untuk kamu yang analitis, suka lingkungan, suka perhitungan, teliti, suka kegiatan lapangan, problem solving, suka teknologi, observatif. Topik utama yang dipelajari antara lain: irigasi, hidrologi, sumber daya air, pengendalian banjir, jaringan air, bendungan, drainase, teknik pengairan."
Teknik Biomedis,Teknik,Jurusan ini mempelajari teknologi alat kesehatan dan penerapan teknik di bidang medis. Mahasiswa belajar mengembangkan perangkat kesehatan dan sistem medis.,"suka teknologi, suka kesehatan, analitis, logis, suka eksperimen, teliti, problem solving, suka inovasi","alat kesehatan, teknologi medis, biomedis, instrumentasi medis, sistem kesehatan, elektronika medis, rekayasa kesehatan, perangkat medis","Jurusan ini mempelajari teknologi alat kesehatan dan penerapan teknik di bidang medis. Mahasiswa belajar mengembangkan perangkat kesehatan dan sistem medis. Jurusan ini cocok untuk kamu yang suka teknologi, suka kesehatan, analitis, logis, suka eksperimen, teliti, problem solving, suka inovasi. Topik utama yang dipelajari antara lain: alat kesehatan, teknologi medis, biomedis, instrumentasi medis, sistem kesehatan, elektronika medis, rekayasa kesehatan, perangkat medis."
Teknik Geologi,Teknik,"Jurusan ini mempelajari struktur bumi, batuan, dan proses geologi. Mahasiswa banyak melakukan penelitian dan observasi lapangan.","suka alam, suka eksplorasi, analitis, observatif, suka penelitian, suka kegiatan lapangan, logis, teliti","geologi, batuan, mineral, eksplorasi bumi, geoteknik, vulkanologi, struktur bumi, geologi lingkungan","Jurusan ini mempelajari struktur bumi, batuan, dan proses geologi. Mahasiswa banyak melakukan penelitian dan observasi lapangan. Jurusan ini cocok untuk kamu yang suka alam, suka eksplorasi, analitis, observatif, suka penelitian, suka kegiatan lapangan, logis, teliti. Topik utama yang dipelajari antara lain: geologi, batuan, mineral, eksplorasi bumi, geoteknik, vulkanologi, struktur bumi, geologi lingkungan."
Teknik Nuklir,Teknik,Jurusan ini mempelajari pemanfaatan energi nuklir dan teknologi radiasi untuk berbagai kebutuhan industri dan kesehatan. Mahasiswa belajar sistem energi dan keselamatan nuklir.,"analitis, suka fisika, suka teknologi, logis, teliti, suka penelitian, disiplin, suka eksperimen","energi nuklir, reaktor nuklir, radiasi, keselamatan nuklir, fisika nuklir, teknologi energi, radioisotop, instrumentasi nuklir","Jurusan ini mempelajari pemanfaatan energi nuklir dan teknologi radiasi untuk berbagai kebutuhan industri dan kesehatan. Mahasiswa belajar sistem energi dan keselamatan nuklir. Jurusan ini cocok untuk kamu yang analitis, suka fisika, suka teknologi, logis, teliti, suka penelitian, disiplin, suka eksperimen. Topik utama yang dipelajari antara lain: energi nuklir, reaktor nuklir, radiasi, keselamatan nuklir, fisika nuklir, teknologi energi, radioisotop, instrumentasi nuklir."
